Name,Country,Email,Website
Sheryl Baxter,Chile,zunigavanessa@smith.info,http://www.stephenson.com/
Preston Lozano,Djibouti,vmata@colon.com,http://www.hobbs.com/
Roy Berry,Antigua and Barbuda,beckycarr@hogan.com,http://www.lawrence.com/
Linda Olsen,Dominican Republic,stanleyblackwell@benson.org,http://www.good-lyons.com/
Joanna Bender,Slovakia (Slovak Republic),colinalvarado@miles.net,https://goodwin-ingram.com/
Aimee Downs,Bosnia and Herzegovina,louis27@gilbert.com,http://www.berger.net/
Darren Peck,Pitcairn Islands,tgates@cantrell.com,https://www.le.com/
Brett Mullen,Bulgaria,asnow@colon.com,https://hammond-ramsey.com/
Sheryl Meyers,Cyprus,mariokhan@ryan-pope.org,https://www.bullock.net/
Michelle Gallagher,Timor-Leste,mdyer@escobar.net,https://arias.com/
Carl Schroeder,Guernsey,kirksalas@webb.com,https://simmons-hurley.com/
Jenna Dodson,Vietnam,mark42@robbins.com,http://www.douglas.net/
Tracey Mata,Togo,alex56@walls.org,http://www.beck.com/
Kristine Cox,Sri Lanka,holdenmiranda@clarke.com,https://www.brandt.com/
Faith Lutz,Singapore,cassieparrish@blevins-chapman.net,http://stevenson.org/
Miranda Beasley,Oman,vduncan@parks-hardy.com,http://acosta.org/
Caroline Foley,Western Sahara,holtgwendolyn@watson-davenport.com,http://www.benson-roth.com/
Greg Mata,Mozambique,jaredjuarez@carroll.org,http://pitts-cherry.com/
Clifford Jacobson,South Georgia and the South Sandwich Islands,joseph26@jacobson.com,https://mcconnell.com/
Joanna Kirk,French Polynesia,tuckerangie@salazar.net,https://www.camacho.net/
Maxwell Frye,Malta,fgibson@drake-webb.com,http://www.roberts.com/
Kiara Houston,Netherlands,blanchardbob@wallace-shannon.com,https://www.reid-potts.com/
Colleen Howard,Paraguay,rsingleton@ryan-cherry.com,http://paul.biz/
Janet Valenzuela,Lao People's Democratic Republic,stefanie71@spence.com,https://moreno.biz/
Shane Wilcox,Albania,mariah88@santos.com,https://www.ramos.com/
Marcus Moody,Panama,donnamullins@norris-barrett.org,https://www.curry.com/
Dakota Poole,Belarus,stacey67@fields.org,https://sanford-wilcox.biz/
Frederick Harper,Switzerland,jacobkhan@bright.biz,https://callahan.org/
Stefanie Fitzpatrick,Saint Vincent and the Grenadines,wterrell@clark.com,https://meyers.com/
Kent Bradshaw,Tanzania,qjimenez@boyd.com,http://maynard-ho.com/
Jack Tate,Zimbabwe,gfigueroa@boone-zavala.com,http://www.hawkins-ramsey.com/
Tom Trujillo,Denmark,tapiagreg@beard.info,http://www.daniels-klein.com/
Gabriel Mejia,Liechtenstein,coleolson@jennings.net,https://patel-hanson.info/
Kaitlyn Santana,United States of America,georgeross@miles.org,http://pham.com/
Faith Moon,Bahamas,willistonya@randolph-baker.com,https://spencer-charles.info/
Tammie Haley,Belize,harrisisaiah@jenkins.com,http://evans-simon.com/
Nicholas Sosa,Uruguay,fwolfe@dorsey.com,https://www.fleming-richards.com/
Jordan Gay,Solomon Islands,tiffanydavies@harris-mcfarland.org,http://www.lee.org/
Bruce Esparza,Montenegro,preese@frye-vega.com,http://www.farley.org/
Sherry Garza,Poland,ann48@miller.com,http://spence.com/
Natalie Gentry,Dominican Republic,tcummings@fitzpatrick-ashley.com,http://www.dorsey.biz/
Bryan Dunn,Burkina Faso,woodwardandres@phelps.com,http://www.butler.com/
Wayne Simpson,Bolivia,barbarapittman@holder.com,https://gillespie-holder.com/
Luis Greer,Bulgaria,bstuart@williamson-mcclure.com,https://fletcher-nielsen.com/
Rhonda Frost,Monaco,zkrueger@wolf-chavez.net,http://www.khan.com/
Joanne Montes,Palau,juan80@henson.net,http://ochoa.com/
Geoffrey Guzman,Uzbekistan,bauercrystal@gay.com,https://decker-kline.com/
Gloria Mccall,Ghana,bartlettjenna@zuniga-moss.biz,http://burgess-frank.com/
Brady Cohen,United Arab Emirates,mccalltyrone@durham-rose.biz,http://hammond-barron.com/
Latoya Mccann,Belarus,bobhammond@barry.biz,https://www.burton.com/
Gerald Hawkins,Canada,uwarner@steele-arias.com,https://valenzuela.com/
Samuel Crawford,Algeria,xpittman@ritter-carney.net,https://guerrero.org/
Patricia Goodwin,Swaziland,vaughanchristy@lara.biz,http://clark.info/
Stacie Richard,Madagascar,clinton85@colon-arias.org,https://kim.com/
Robin West,Ecuador,greenemiranda@zimmerman.com,https://www.mora.com/
Ralph Haas,Palestinian Territory,goodmancesar@figueroa.biz,http://may.com/
Phyllis Maldonado,Saint Barthelemy,yhanson@warner-diaz.org,http://www.bernard.com/
Danny Parrish,United Arab Emirates,howelldarren@house-cohen.com,http://www.parsons-hudson.com/
Kathy Hill,South Georgia and the South Sandwich Islands,ncamacho@boone-simmons.org,http://hayden.com/
Kelli Hardy,Sao Tome and Principe,kristopher62@oliver.com,http://www.kidd.com/
Lynn Pham,Portugal,mpham@rios-guzman.com,https://www.murphy.com/
Shelley Harris,Togo,zachary96@mitchell-bryant.org,https://www.ryan.com/
Eddie Jimenez,Ethiopia,kristiwhitney@bernard.com,http://cherry.com/
Chloe Hutchinson,Netherlands,leah85@sutton-terrell.com,https://mitchell.info/
Eileen Lynch,Liberia,levigiles@vincent.com,http://mckay.com/
Fernando Lambert,Lithuania,fisherlinda@schaefer.net,https://www.vang.com/
Makayla Cannon,New Caledonia,scottcurtis@hurley.biz,http://www.velazquez.net/
Tom Alvarado,Kiribati,nicholsonnina@montgomery.info,http://odom-massey.com/
Virginia Dudley,French Southern Territories,zvalencia@phelps.com,http://hunter-esparza.com/
Riley Good,Canada,alex06@galloway.com,http://conway.org/
Alexandria Buck,Iran,lee48@manning.com,https://ramsey.org/
Richard Roth,Morocco,aharper@maddox-townsend.org,https://www.brooks.com/
Candice Keller,Zimbabwe,buckleycory@odonnell.net,https://www.lucero.com/
Anita Benson,Russian Federation,angie04@oconnell.com,http://oconnor.com/
Regina Stein,Solomon Islands,zrosario@rojas-hardin.net,http://www.johnston.info/
Debra Riddle,United States Virgin Islands,shieldskerry@robles.com,http://kaiser.info/
Brittany Zuniga,Kyrgyz Republic,mchandler@cochran-huerta.org,http://www.boyle.com/
Cassidy Mcmahon,Myanmar,katrinalane@fitzgerald.com,https://hurst.com/
Laurie Pennington,Dominica,cookejill@powell.com,http://www.hebert.com/
Alejandro Blair,Iceland,elizabethbarr@ewing.com,https://mercado-blevins.com/
Leslie Jennings,Micronesia,corey75@wiggins.com,https://www.juarez.com/
Kathleen Mckay,Saint Vincent and the Grenadines,chloelester@higgins-wilkinson.com,http://www.owens-mooney.com/
Hunter Moreno,Isle of Man,isaac26@benton-finley.com,http://walls.info/
Chad Davidson,Oman,justinwalters@jimenez.com,http://www.garner-oliver.com/
Corey Holt,Fiji,maurice46@morgan.com,http://www.watson.com/
Emma Cunningham,New Zealand,walter83@juarez.org,http://www.reid.info/
Duane Woods,Maldives,kmercer@wagner.com,http://murray.org/
Alison Vargas,Benin,vcantu@norton.com,http://mason.info/
Vernon Kane,Yemen,hilljesse@barrett.info,http://www.duffy-hensley.net/
Lori Flowers,Namibia,tyrone77@valenzuela.info,http://www.deleon-crosby.com/
Nina Chavez,Bhutan,elliserica@frank.com,https://www.pugh.com/
Shane Foley,Hungary,nsteele@sparks.com,https://www.holt-sparks.com/
Collin Ayers,Anguilla,dudleyemily@gonzales.biz,http://www.ruiz.com/
Sherry Young,Solomon Islands,alan79@gates-mclaughlin.com,https://travis.net/
Darrell Douglas,Mali,grayjean@lowery-good.com,https://banks.biz/
Karl Greer,Guyana,hhart@jensen.com,http://hayes-perez.com/
Lynn Atkinson,Sri Lanka,vkemp@ferrell.com,https://novak-allison.com/
Fred Guerra,Solomon Islands,swagner@kane.org,https://www.ross.com/
Yvonne Farmer,Aruba,mccarthystephen@horn-green.biz,http://watkins.info/
Clarence Haynes,Honduras,colleen91@faulkner.biz,http://www.hatfield-saunders.net/
